,N,#procs,time_mean,time_std,cpu_mean,cpu_std,instance,parallel
0,1,1,0.00234,0.000177,20.0,40.0,m5large,True
1,1,1,9.63e-05,2.31e-06,0.0,0.0,m5large,False
2,1,2,0.00231,9.340000000000001e-05,45.0,47.2,m5large,True
3,1,2,9.73e-05,1.49e-06,0.0,0.0,m5large,False
4,1,4,0.00232,4e-05,10.0,30.0,m5large,True
5,1,4,9.86e-05,2.18e-06,0.0,0.0,m5large,False
6,1,8,0.0024,0.000103,30.0,45.8,m5large,True
7,1,8,0.000105,1.63e-05,0.0,0.0,m5large,False
8,1,16,0.00242,3.77e-05,45.0,47.2,m5large,True
9,1,16,0.000106,1.8100000000000003e-05,10.0,30.0,m5large,False
10,1,32,0.00238,2.58e-05,20.0,40.0,m5large,True
11,1,32,9.93e-05,2.62e-06,0.0,0.0,m5large,False
12,2,1,0.00246,3.47e-05,0.0,0.0,m5large,True
13,2,1,0.00010800000000000001,2.47e-06,0.0,0.0,m5large,False
14,2,2,0.00418,0.000196,65.0,45.0,m5large,True
15,2,2,0.00011100000000000001,1.4599999999999999e-05,0.0,0.0,m5large,False
16,2,4,0.00399,0.00020299999999999997,55.0,47.2,m5large,True
17,2,4,0.00010800000000000001,1.84e-06,0.0,0.0,m5large,False
18,2,8,0.004,0.000202,45.0,47.2,m5large,True
19,2,8,0.00011999999999999999,2.3100000000000002e-05,10.0,30.0,m5large,False
20,2,16,0.00405,0.00021600000000000002,40.0,49.0,m5large,True
21,2,16,0.00011200000000000001,4.7e-06,0.0,0.0,m5large,False
22,2,32,0.0039700000000000004,0.000212,45.0,47.2,m5large,True
23,2,32,0.000109,2.16e-06,0.0,0.0,m5large,False
24,4,1,0.00247,9.18e-05,35.0,45.0,m5large,True
25,4,1,0.000162,7.74e-06,0.0,0.0,m5large,False
26,4,2,0.00434,0.000157,65.0,39.1,m5large,True
27,4,2,0.000171,1.1e-05,10.0,30.0,m5large,False
28,4,4,0.007090000000000001,0.00022799999999999999,90.0,30.0,m5large,True
29,4,4,0.000166,2.32e-06,0.0,0.0,m5large,False
30,4,8,0.00677,0.000352,85.0,32.0,m5large,True
31,4,8,0.000165,2.23e-06,0.0,0.0,m5large,False
32,4,16,0.00686,0.00041900000000000005,86.7,30.5,m5large,True
33,4,16,0.000166,5.23e-06,0.0,0.0,m5large,False
34,4,32,0.00671,9.17e-05,93.3,13.3,m5large,True
35,4,32,0.000167,2.8e-06,0.0,0.0,m5large,False
36,8,1,0.0028899999999999998,4.5e-05,30.0,40.0,m5large,True
37,8,1,0.000599,2.17e-05,10.0,30.0,m5large,False
38,8,2,0.00448,0.00014199999999999998,45.0,41.5,m5large,True
39,8,2,0.000586,1.51e-05,10.0,30.0,m5large,False
40,8,4,0.00743,0.000412,91.7,17.1,m5large,True
41,8,4,0.000588,1.49e-05,0.0,0.0,m5large,False
42,8,8,0.0131,0.000352,96.7,9.99,m5large,True
43,8,8,0.00059,2.02e-05,10.0,30.0,m5large,False
44,8,16,0.0123,0.000138,96.7,9.99,m5large,True
45,8,16,0.00058,9.74e-06,0.0,0.0,m5large,False
46,8,32,0.0124,0.00024300000000000002,96.7,9.99,m5large,True
47,8,32,0.000603,2.64e-05,0.0,0.0,m5large,False
48,16,1,0.00628,5.02e-05,26.7,41.6,m5large,True
49,16,1,0.0039299999999999995,6.759999999999999e-05,15.0,22.9,m5large,False
50,16,2,0.0072299999999999994,5.31e-05,75.0,40.3,m5large,True
51,16,2,0.0038399999999999997,2.15e-05,45.0,41.5,m5large,False
52,16,4,0.0106,0.000178,100.0,0.0,m5large,True
53,16,4,0.0038200000000000005,4.1700000000000004e-05,30.0,45.8,m5large,False
54,16,8,0.0166,0.000376,84.5,10.4,m5large,True
55,16,8,0.00395,3.28e-05,30.0,45.8,m5large,False
56,16,16,0.0282,0.000281,98.3,5.01,m5large,True
57,16,16,0.0039299999999999995,5.3299999999999995e-05,15.0,32.0,m5large,False
58,16,32,0.0241,0.00017900000000000001,98.0,6.0,m5large,True
59,16,32,0.00389,4.18e-05,45.0,41.5,m5large,False
60,32,1,0.033,0.000161,48.6,4.26,m5large,True
61,32,1,0.0299,0.000334,49.7,3.87,m5large,False
62,32,2,0.0339,8.669999999999999e-05,98.6,4.29,m5large,True
63,32,2,0.0304,0.000145,49.0,3.0,m5large,False
64,32,4,0.0367,0.000134,97.6,4.73,m5large,True
65,32,4,0.0305,0.000169,51.8,5.17,m5large,False
66,32,8,0.0431,0.000407,96.8,4.93,m5large,True
67,32,8,0.0305,0.000153,51.4,2.84,m5large,False
68,32,16,0.0559,0.000901,97.4,3.93,m5large,True
69,32,16,0.0307,0.000724,50.0,0.0,m5large,False
70,32,32,0.0789,0.0008869999999999999,97.5,3.01,m5large,True
71,32,32,0.0304,0.000135,50.4,4.46,m5large,False
72,64,1,0.24600000000000002,0.000596,50.1,0.3,m5large,True
73,64,1,0.24100000000000002,0.0015,49.8,0.4,m5large,False
74,64,2,0.24100000000000002,0.000449,99.6,0.8,m5large,True
75,64,2,0.24100000000000002,0.00176,49.8,0.4,m5large,False
76,64,4,0.243,0.000518,99.2,0.992,m5large,True
77,64,4,0.24,0.0016300000000000002,50.0,0.649,m5large,False
78,64,8,0.248,0.00019099999999999998,100.0,0.0,m5large,True
79,64,8,0.24100000000000002,0.0017800000000000001,50.0,0.632,m5large,False
80,64,16,0.263,0.000813,98.9,1.26,m5large,True
81,64,16,0.24100000000000002,0.0017100000000000001,50.3,0.474,m5large,False
82,64,32,0.28800000000000003,0.0006929999999999999,99.3,0.833,m5large,True
83,64,32,0.24100000000000002,0.00158,50.0,0.447,m5large,False
84,128,1,1.95,0.00498,50.1,0.049,m5large,True
85,128,1,1.93,0.0145,50.1,0.282,m5large,False
86,128,2,1.88,0.00471,99.8,0.13699999999999998,m5large,True
87,128,2,1.92,0.0132,50.0,0.14,m5large,False
88,128,4,1.88,0.00323,100.0,0.09,m5large,True
89,128,4,1.92,0.00948,50.1,0.247,m5large,False
90,128,8,1.89,0.0039299999999999995,99.9,0.12,m5large,True
91,128,8,1.92,0.015,50.0,0.0775,m5large,False
92,128,16,1.9,0.00314,99.8,0.15,m5large,True
93,128,16,1.92,0.0158,50.0,0.0539,m5large,False
94,128,32,1.93,0.00336,99.8,0.147,m5large,True
95,128,32,1.92,0.0118,50.0,0.0,m5large,False
96,256,1,15.6,0.0289,50.0,0.03,m5large,True
97,256,1,15.4,0.0917,50.0,0.0,m5large,False
98,256,2,15.1,0.0507,100.0,0.0671,m5large,True
99,256,2,15.4,0.11199999999999999,50.0,0.0,m5large,False
100,256,4,15.2,0.0245,100.0,0.03,m5large,True
101,256,4,15.3,0.12300000000000001,50.0,0.0,m5large,False
102,256,8,15.2,0.0283,100.0,0.03,m5large,True
103,256,8,15.1,0.0882,50.0,0.03,m5large,False
104,256,16,15.2,0.0155,100.0,0.0,m5large,True
105,256,16,15.1,0.0982,50.0,0.0,m5large,False
106,256,32,15.3,0.0155,100.0,0.0,m5large,True
107,256,32,15.2,0.0912,50.0,0.0,m5large,False
108,512,1,125.0,0.19,50.0,0.0458,m5large,True
109,512,1,124.0,0.344,50.0,0.0458,m5large,False
110,512,2,123.0,0.275,99.4,0.127,m5large,True
111,512,2,123.0,0.29600000000000004,50.1,7.109999999999999e-15,m5large,False
112,512,4,121.0,0.213,100.0,0.0,m5large,True
113,512,4,123.0,0.39899999999999997,50.1,7.109999999999999e-15,m5large,False
114,512,8,122.0,0.14300000000000002,100.0,0.049,m5large,True
115,512,8,123.0,0.305,50.1,7.109999999999999e-15,m5large,False
116,512,16,122.0,0.0888,100.0,0.0,m5large,True
117,512,16,124.0,0.513,50.1,7.109999999999999e-15,m5large,False
118,512,32,123.0,0.188,100.0,0.0,m5large,True
119,512,32,123.0,0.247,50.1,7.109999999999999e-15,m5large,False
120,1,1,0.00247,0.000106,10.0,20.0,m5xlarge,True
121,1,1,9.98e-05,4.23e-06,0.0,0.0,m5xlarge,False
122,1,2,0.00237,6.49e-05,15.0,32.0,m5xlarge,True
123,1,2,0.000102,4.47e-06,0.0,0.0,m5xlarge,False
124,1,4,0.00234,4.970000000000001e-05,10.0,20.0,m5xlarge,True
125,1,4,0.000105,9.71e-06,10.0,30.0,m5xlarge,False
126,1,8,0.00233,6.4e-05,10.0,20.0,m5xlarge,True
127,1,8,0.000101,1.8000000000000001e-06,0.0,0.0,m5xlarge,False
128,1,16,0.00237,4.6299999999999994e-05,10.0,30.0,m5xlarge,True
129,1,16,0.000102,3.06e-06,0.0,0.0,m5xlarge,False
130,1,32,0.00238,2.94e-05,20.0,33.2,m5xlarge,True
131,1,32,0.00010400000000000001,8.78e-06,10.0,30.0,m5xlarge,False
132,2,1,0.00244,8.46e-05,25.0,33.5,m5xlarge,True
133,2,1,0.00011599999999999999,2.02e-05,0.0,0.0,m5xlarge,False
134,2,2,0.00331,8.88e-05,25.0,33.5,m5xlarge,True
135,2,2,0.00010700000000000001,3.21e-06,0.0,0.0,m5xlarge,False
136,2,4,0.0034100000000000003,0.000125,25.0,25.0,m5xlarge,True
137,2,4,0.00011100000000000001,4.79e-06,0.0,0.0,m5xlarge,False
138,2,8,0.00331,5.5e-05,30.0,33.2,m5xlarge,True
139,2,8,0.00010800000000000001,2.49e-06,0.0,0.0,m5xlarge,False
140,2,16,0.0033799999999999998,8.950000000000001e-05,28.3,28.9,m5xlarge,True
141,2,16,0.00011200000000000001,3.83e-06,0.0,0.0,m5xlarge,False
142,2,32,0.00328,6.8e-05,15.0,22.9,m5xlarge,True
143,2,32,0.000109,2.1000000000000002e-06,0.0,0.0,m5xlarge,False
144,4,1,0.00244,5.27e-05,40.0,37.4,m5xlarge,True
145,4,1,0.000165,1.42e-05,10.0,30.0,m5xlarge,False
146,4,2,0.00344,8.46e-05,35.0,32.0,m5xlarge,True
147,4,2,0.000161,2.8999999999999998e-06,0.0,0.0,m5xlarge,False
148,4,4,0.0057799999999999995,0.00023199999999999997,46.7,16.3,m5xlarge,True
149,4,4,0.000164,2.95e-06,0.0,0.0,m5xlarge,False
150,4,8,0.00588,0.00022999999999999998,58.4,8.35,m5xlarge,True
151,4,8,0.00016999999999999999,4.22e-06,0.0,0.0,m5xlarge,False
152,4,16,0.0056700000000000006,0.000113,38.3,25.9,m5xlarge,True
153,4,16,0.000172,9.37e-06,10.0,30.0,m5xlarge,False
154,4,32,0.0057399999999999994,0.000312,51.7,20.4,m5xlarge,True
155,4,32,0.000164,6.5000000000000004e-06,0.0,0.0,m5xlarge,False
156,8,1,0.00281,4.45e-05,35.0,39.1,m5xlarge,True
157,8,1,0.00055,6.68e-06,0.0,0.0,m5xlarge,False
158,8,2,0.00351,0.000118,35.0,39.1,m5xlarge,True
159,8,2,0.000543,9.6e-06,10.0,30.0,m5xlarge,False
160,8,4,0.00577,0.000162,53.3,12.5,m5xlarge,True
161,8,4,0.000554,1.25e-05,0.0,0.0,m5xlarge,False
162,8,8,0.009609999999999999,0.000246,61.2,11.2,m5xlarge,True
163,8,8,0.0005679999999999999,1.3500000000000001e-05,10.0,30.0,m5xlarge,False
164,8,16,0.0095,0.000307,57.8,11.5,m5xlarge,True
165,8,16,0.000571,2.12e-05,5.0,15.0,m5xlarge,False
166,8,32,0.00933,0.00023500000000000002,64.2,7.51,m5xlarge,True
167,8,32,0.0005639999999999999,2.6000000000000002e-05,10.0,30.0,m5xlarge,False
168,16,1,0.00603,5.8399999999999997e-05,28.3,24.8,m5xlarge,True
169,16,1,0.00365,2.7899999999999997e-05,10.0,20.0,m5xlarge,False
170,16,2,0.00526,9.25e-05,33.3,23.6,m5xlarge,True
171,16,2,0.00366,3.74e-05,15.0,22.9,m5xlarge,False
172,16,4,0.0069700000000000005,0.000188,59.2,9.48,m5xlarge,True
173,16,4,0.00372,3.17e-05,30.0,24.5,m5xlarge,False
174,16,8,0.0106,0.00041600000000000003,72.8,6.05,m5xlarge,True
175,16,8,0.0036799999999999997,4.84e-05,15.0,22.9,m5xlarge,False
176,16,16,0.0186,0.00032,72.4,4.5,m5xlarge,True
177,16,16,0.00366,3.8900000000000004e-05,10.0,20.0,m5xlarge,False
178,16,32,0.0176,0.0005639999999999999,66.7,5.87,m5xlarge,True
179,16,32,0.00361,2.5e-05,25.0,25.0,m5xlarge,False
180,32,1,0.0311,0.00015900000000000002,25.8,2.11,m5xlarge,True
181,32,1,0.0278,0.000178,27.1,0.69,m5xlarge,False
182,32,2,0.0205,0.0053,51.5,2.4,m5xlarge,True
183,32,2,0.0277,0.00021899999999999998,22.5,3.54,m5xlarge,False
184,32,4,0.0194,0.000205,85.3,3.87,m5xlarge,True
185,32,4,0.0284,0.000226,23.1,3.42,m5xlarge,False
186,32,8,0.0233,0.000236,80.1,4.64,m5xlarge,True
187,32,8,0.0285,0.00028,25.0,3.07,m5xlarge,False
188,32,16,0.0285,0.000375,89.3,3.03,m5xlarge,True
189,32,16,0.0283,0.000264,24.7,4.48,m5xlarge,False
190,32,32,0.0411,0.0006259999999999999,93.3,1.71,m5xlarge,True
191,32,32,0.0287,0.00020899999999999998,24.7,3.03,m5xlarge,False
192,64,1,0.23,0.000521,25.0,0.45799999999999996,m5xlarge,True
193,64,1,0.222,0.00198,25.1,0.38799999999999996,m5xlarge,False
194,64,2,0.13,0.0115,49.7,0.763,m5xlarge,True
195,64,2,0.223,0.00179,25.0,0.473,m5xlarge,False
196,64,4,0.11599999999999999,0.000405,98.3,0.861,m5xlarge,True
197,64,4,0.21899999999999997,0.00151,24.8,0.40399999999999997,m5xlarge,False
198,64,8,0.12,0.000248,96.2,0.838,m5xlarge,True
199,64,8,0.21899999999999997,0.00133,25.1,0.13699999999999998,m5xlarge,False
200,64,16,0.126,0.000811,97.6,0.74,m5xlarge,True
201,64,16,0.21899999999999997,0.00155,25.0,0.268,m5xlarge,False
202,64,32,0.14,0.000917,97.4,1.13,m5xlarge,True
203,64,32,0.225,0.0016899999999999999,25.3,0.39799999999999996,m5xlarge,False
204,128,1,1.84,0.0063100000000000005,25.0,0.04,m5xlarge,True
205,128,1,1.79,0.0119,25.0,0.0632,m5xlarge,False
206,128,2,0.9359999999999999,0.009170000000000001,49.9,0.127,m5xlarge,True
207,128,2,1.77,0.0161,25.0,0.0458,m5xlarge,False
208,128,4,0.914,0.0038200000000000005,99.6,0.158,m5xlarge,True
209,128,4,1.8,0.0135,25.1,0.0806,m5xlarge,False
210,128,8,0.909,0.00279,99.5,0.11900000000000001,m5xlarge,True
211,128,8,1.77,0.0148,25.0,0.04,m5xlarge,False
212,128,16,0.914,0.00335,99.4,0.341,m5xlarge,True
213,128,16,1.78,0.0133,25.0,0.0748,m5xlarge,False
214,128,32,0.914,0.0012,99.5,0.16,m5xlarge,True
215,128,32,1.74,0.0122,25.0,0.064,m5xlarge,False
216,256,1,14.7,0.0492,25.0,0.0,m5xlarge,True
217,256,1,14.3,0.0845,25.0,0.0,m5xlarge,False
218,256,2,7.46,0.0219,50.0,0.05,m5xlarge,True
219,256,2,14.4,0.105,25.0,0.03,m5xlarge,False
220,256,4,7.21,0.0188,99.9,0.0775,m5xlarge,True
221,256,4,14.1,0.0996,25.0,0.03,m5xlarge,False
222,256,8,7.17,0.0204,99.9,0.049,m5xlarge,True
223,256,8,14.1,0.0888,25.0,0.03,m5xlarge,False
224,256,16,7.24,0.0225,99.9,0.0458,m5xlarge,True
225,256,16,14.4,0.11599999999999999,25.0,0.0,m5xlarge,False
226,256,32,7.22,0.0177,99.9,0.0,m5xlarge,True
227,256,32,14.1,0.1,25.0,0.0,m5xlarge,False
228,512,1,117.0,0.17,25.0,0.0,m5xlarge,True
229,512,1,115.0,0.348,25.0,0.0,m5xlarge,False
230,512,2,57.7,0.179,50.0,0.0447,m5xlarge,True
231,512,2,113.0,0.868,25.0,0.0,m5xlarge,False
232,512,4,57.4,0.23,99.6,0.1,m5xlarge,True
233,512,4,116.0,0.192,25.0,0.0,m5xlarge,False
234,512,8,57.6,0.146,99.7,0.111,m5xlarge,True
235,512,8,116.0,0.384,25.0,0.0,m5xlarge,False
236,512,16,57.2,0.0957,99.8,0.0663,m5xlarge,True
237,512,16,115.0,0.691,25.0,0.0,m5xlarge,False
238,512,32,57.2,0.132,100.0,0.0458,m5xlarge,True
239,512,32,115.0,0.29100000000000004,25.0,0.0,m5xlarge,False
240,1,1,0.00248,0.000113,0.0,0.0,m52xlarge,True
241,1,1,0.000106,5.28e-06,0.0,0.0,m52xlarge,False
242,1,2,0.00236,3.54e-05,10.0,20.0,m52xlarge,True
243,1,2,0.00010400000000000001,2.54e-06,0.0,0.0,m52xlarge,False
244,1,4,0.00233,3.5600000000000005e-05,10.0,20.0,m52xlarge,True
245,1,4,0.000103,1.86e-06,0.0,0.0,m52xlarge,False
246,1,8,0.00229,2.1899999999999997e-05,8.33,17.1,m52xlarge,True
247,1,8,0.000101,1.33e-06,0.0,0.0,m52xlarge,False
248,1,16,0.00232,3.75e-05,0.0,0.0,m52xlarge,True
249,1,16,0.000102,2.53e-06,0.0,0.0,m52xlarge,False
250,1,32,0.00231,3.13e-05,15.0,18.9,m52xlarge,True
251,1,32,0.000103,7.31e-06,5.0,15.0,m52xlarge,False
252,2,1,0.00232,2.9999999999999997e-05,8.33,17.1,m52xlarge,True
253,2,1,0.000106,1.87e-06,0.0,0.0,m52xlarge,False
254,2,2,0.0032700000000000003,9.08e-05,19.1,15.8,m52xlarge,True
255,2,2,0.000106,2.58e-06,0.0,0.0,m52xlarge,False
256,2,4,0.0032,6.809999999999999e-05,9.99,15.3,m52xlarge,True
257,2,4,0.00010800000000000001,2.07e-06,0.0,0.0,m52xlarge,False
258,2,8,0.00323,0.00011200000000000001,13.3,16.3,m52xlarge,True
259,2,8,0.00010800000000000001,1.93e-06,0.0,0.0,m52xlarge,False
260,2,16,0.00323,0.000113,12.5,15.5,m52xlarge,True
261,2,16,0.000109,1.46e-06,0.0,0.0,m52xlarge,False
262,2,32,0.00324,8.209999999999999e-05,19.1,15.8,m52xlarge,True
263,2,32,0.000109,1.63e-06,0.0,0.0,m52xlarge,False
264,4,1,0.0024,3.229999999999999e-05,11.7,18.3,m52xlarge,True
265,4,1,0.000155,1.47e-06,0.0,0.0,m52xlarge,False
266,4,2,0.00323,9.279999999999999e-05,21.6,18.3,m52xlarge,True
267,4,2,0.000154,6.2e-06,0.0,0.0,m52xlarge,False
268,4,4,0.00565,0.000178,25.7,4.28,m52xlarge,True
269,4,4,0.00016999999999999999,1.22e-05,0.0,0.0,m52xlarge,False
270,4,8,0.00562,0.000144,22.0,12.9,m52xlarge,True
271,4,8,0.00016999999999999999,5.51e-06,0.0,0.0,m52xlarge,False
272,4,16,0.00554,0.000174,23.0,2.45,m52xlarge,True
273,4,16,0.000174,1.15e-05,0.0,0.0,m52xlarge,False
274,4,32,0.00564,0.000193,29.5,9.6,m52xlarge,True
275,4,32,0.000169,2.26e-06,0.0,0.0,m52xlarge,False
276,8,1,0.0028899999999999998,5.610000000000001e-05,13.3,16.3,m52xlarge,True
277,8,1,0.000529,1.53e-05,10.0,20.0,m52xlarge,False
278,8,2,0.00359,8.68e-05,19.1,15.8,m52xlarge,True
279,8,2,0.000521,1.34e-05,0.0,0.0,m52xlarge,False
280,8,4,0.00556,0.00022,32.0,8.12,m52xlarge,True
281,8,4,0.0005269999999999999,5.13e-06,0.0,0.0,m52xlarge,False
282,8,8,0.00939,0.000306,30.7,6.28,m52xlarge,True
283,8,8,0.000532,6.56e-06,0.0,0.0,m52xlarge,False
284,8,16,0.00923,0.00025499999999999996,28.9,8.17,m52xlarge,True
285,8,16,0.000546,3.06e-05,0.0,0.0,m52xlarge,False
286,8,32,0.00937,0.00017900000000000001,27.9,4.79,m52xlarge,True
287,8,32,0.000532,2.51e-05,5.0,15.0,m52xlarge,False
288,16,1,0.00566,4.73e-05,11.3,11.9,m52xlarge,True
289,16,1,0.0033299999999999996,3.32e-05,11.7,14.5,m52xlarge,False
290,16,2,0.00488,5.05e-05,17.5,11.5,m52xlarge,True
291,16,2,0.00328,4.03e-05,17.5,14.6,m52xlarge,False
292,16,4,0.00604,0.00028199999999999997,34.6,7.83,m52xlarge,True
293,16,4,0.00328,4.6500000000000005e-05,8.33,12.9,m52xlarge,False
294,16,8,0.009770000000000001,0.000306,35.3,3.57,m52xlarge,True
295,16,8,0.00339,2.61e-05,8.33,12.9,m52xlarge,False
296,16,16,0.0179,0.000223,35.3,3.63,m52xlarge,True
297,16,16,0.0034200000000000003,5.7100000000000006e-05,9.16,14.2,m52xlarge,False
298,16,32,0.0177,0.00016,29.6,2.6,m52xlarge,True
299,16,32,0.00339,2.23e-05,9.16,14.2,m52xlarge,False
300,32,1,0.0294,0.00011999999999999999,12.7,1.71,m52xlarge,True
301,32,1,0.0261,0.000197,12.4,2.19,m52xlarge,False
302,32,2,0.0165,0.00010400000000000001,24.0,4.25,m52xlarge,True
303,32,2,0.0256,0.000236,13.2,1.88,m52xlarge,False
304,32,4,0.0128,0.00207,38.2,4.07,m52xlarge,True
305,32,4,0.026000000000000002,0.000245,12.5,2.06,m52xlarge,False
306,32,8,0.0149,0.0005099999999999999,50.8,3.3,m52xlarge,True
307,32,8,0.0259,0.000258,12.4,2.19,m52xlarge,False
308,32,16,0.021,0.000638,51.7,3.38,m52xlarge,True
309,32,16,0.0253,0.000239,13.3,2.98,m52xlarge,False
310,32,32,0.0352,0.000731,44.7,2.46,m52xlarge,True
311,32,32,0.0252,0.00025699999999999996,12.7,2.12,m52xlarge,False
312,64,1,0.215,0.00082,12.6,0.23199999999999998,m52xlarge,True
313,64,1,0.20600000000000002,0.00146,12.5,0.258,m52xlarge,False
314,64,2,0.11,0.000517,24.6,0.523,m52xlarge,True
315,64,2,0.20600000000000002,0.0018800000000000002,12.6,0.192,m52xlarge,False
316,64,4,0.0596,0.0063,47.3,1.55,m52xlarge,True
317,64,4,0.203,0.00144,12.6,0.22399999999999998,m52xlarge,False
318,64,8,0.0641,0.0025,84.8,4.81,m52xlarge,True
319,64,8,0.20600000000000002,0.00146,12.6,0.166,m52xlarge,False
320,64,16,0.0684,0.000828,85.0,1.84,m52xlarge,True
321,64,16,0.203,0.0020399999999999997,12.6,0.21,m52xlarge,False
322,64,32,0.0737,0.00231,87.5,2.5,m52xlarge,True
323,64,32,0.205,0.00158,12.6,0.233,m52xlarge,False
324,128,1,1.68,0.0059700000000000005,12.5,0.04,m52xlarge,True
325,128,1,1.63,0.0123,12.5,0.0447,m52xlarge,False
326,128,2,0.831,0.00445,25.0,0.0539,m52xlarge,True
327,128,2,1.58,0.0171,12.5,0.03,m52xlarge,False
328,128,4,0.424,0.0149,49.3,0.804,m52xlarge,True
329,128,4,1.58,0.013999999999999999,12.5,0.0458,m52xlarge,False
330,128,8,0.455,0.00157,98.0,0.21899999999999997,m52xlarge,True
331,128,8,1.64,0.0108,12.5,0.03,m52xlarge,False
332,128,16,0.45899999999999996,0.00486,97.7,1.07,m52xlarge,True
333,128,16,1.65,0.0143,12.5,0.03,m52xlarge,False
334,128,32,0.46399999999999997,0.00141,98.1,0.29100000000000004,m52xlarge,True
335,128,32,1.62,0.008140000000000001,12.5,0.0,m52xlarge,False
336,256,1,13.5,0.0441,12.5,0.0,m52xlarge,True
337,256,1,13.1,0.098,12.5,0.0,m52xlarge,False
338,256,2,6.74,0.012,25.0,0.0,m52xlarge,True
339,256,2,12.9,0.127,12.5,0.0,m52xlarge,False
340,256,4,3.39,0.0168,49.9,0.145,m52xlarge,True
341,256,4,13.1,0.11599999999999999,12.5,0.0,m52xlarge,False
342,256,8,3.59,0.0069299999999999995,99.4,0.18,m52xlarge,True
343,256,8,13.2,0.0829,12.5,0.0,m52xlarge,False
344,256,16,3.6,0.0198,99.3,0.922,m52xlarge,True
345,256,16,13.1,0.111,12.5,0.0,m52xlarge,False
346,256,32,3.59,0.007209999999999999,99.7,0.0748,m52xlarge,True
347,256,32,12.9,0.102,12.5,0.0,m52xlarge,False
348,512,1,108.0,0.179,12.5,0.0,m52xlarge,True
349,512,1,106.0,0.391,12.5,0.0,m52xlarge,False
350,512,2,54.2,0.0977,25.0,0.0,m52xlarge,True
351,512,2,105.0,0.341,12.5,0.0,m52xlarge,False
352,512,4,27.1,0.0611,49.8,0.0922,m52xlarge,True
353,512,4,106.0,0.95,12.5,0.0,m52xlarge,False
354,512,8,28.5,0.0487,99.5,0.133,m52xlarge,True
355,512,8,105.0,0.62,12.5,0.0,m52xlarge,False
356,512,16,28.5,0.043,99.7,0.10400000000000001,m52xlarge,True
357,512,16,106.0,0.32,12.5,0.0,m52xlarge,False
358,512,32,28.4,0.0421,99.8,0.09,m52xlarge,True
359,512,32,105.0,0.251,12.5,0.0,m52xlarge,False
360,1,1,0.00302,0.000605,30.0,45.8,r5large,True
361,1,1,0.00011599999999999999,1.47e-05,0.0,0.0,r5large,False
362,1,2,0.00305,0.000784,55.0,47.2,r5large,True
363,1,2,0.00011100000000000001,1.66e-05,0.0,0.0,r5large,False
364,1,4,0.00281,0.000907,50.0,50.0,r5large,True
365,1,4,0.00011200000000000001,2.12e-05,0.0,0.0,r5large,False
366,1,8,0.00277,0.0011099999999999999,40.0,49.0,r5large,True
367,1,8,0.000103,1.57e-05,0.0,0.0,r5large,False
368,1,16,0.00247,0.000479,30.0,45.8,r5large,True
369,1,16,0.00011100000000000001,1.8100000000000003e-05,0.0,0.0,r5large,False
370,1,32,0.003,0.0009289999999999999,35.0,45.0,r5large,True
371,1,32,9.63e-05,1.6e-05,0.0,0.0,r5large,False
372,2,1,0.00271,0.000446,50.0,50.0,r5large,True
373,2,1,0.00011100000000000001,1.64e-05,0.0,0.0,r5large,False
374,2,2,0.00476,0.00128,45.0,47.2,r5large,True
375,2,2,0.000128,2.02e-05,10.0,30.0,r5large,False
376,2,4,0.0053100000000000005,0.00105,80.0,40.0,r5large,True
377,2,4,0.00018,0.000128,0.0,0.0,r5large,False
378,2,8,0.00495,0.000558,90.0,30.0,r5large,True
379,2,8,0.00014199999999999998,1.4400000000000001e-05,10.0,30.0,r5large,False
380,2,16,0.005370000000000001,0.000688,80.0,40.0,r5large,True
381,2,16,0.000138,2.56e-06,0.0,0.0,r5large,False
382,2,32,0.0053,0.0007,60.0,49.0,r5large,True
383,2,32,0.000154,4.2499999999999996e-05,10.0,30.0,r5large,False
384,4,1,0.00307,0.00039,60.0,49.0,r5large,True
385,4,1,0.000207,1.9399999999999997e-05,0.0,0.0,r5large,False
386,4,2,0.00562,0.000491,70.0,45.8,r5large,True
387,4,2,0.000215,2.2899999999999998e-05,0.0,0.0,r5large,False
388,4,4,0.0117,0.000459,100.0,0.0,r5large,True
389,4,4,0.000217,1.05e-05,0.0,0.0,r5large,False
390,4,8,0.0111,0.000791,100.0,0.0,r5large,True
391,4,8,0.00022,1.91e-05,0.0,0.0,r5large,False
392,4,16,0.0111,0.000731,100.0,0.0,r5large,True
393,4,16,0.00021600000000000002,9.22e-06,10.0,30.0,r5large,False
394,4,32,0.0116,0.0004940000000000001,100.0,0.0,r5large,True
395,4,32,0.000241,2.15e-05,20.0,40.0,r5large,False
396,8,1,0.00389,0.000131,60.0,49.0,r5large,True
397,8,1,0.0008900000000000001,5.5799999999999994e-05,20.0,40.0,r5large,False
398,8,2,0.00406,0.000535,65.0,45.0,r5large,True
399,8,2,0.000553,0.000136,0.0,0.0,r5large,False
400,8,4,0.0094,0.0017800000000000001,96.7,9.99,r5large,True
401,8,4,0.000784,0.000182,10.0,30.0,r5large,False
402,8,8,0.0221,0.000588,100.0,0.0,r5large,True
403,8,8,0.0008609999999999999,7.879999999999999e-05,20.0,40.0,r5large,False
404,8,16,0.0215,0.000537,100.0,0.0,r5large,True
405,8,16,0.000927,5.99e-05,30.0,45.8,r5large,False
406,8,32,0.0224,0.000375,100.0,0.0,r5large,True
407,8,32,0.0009460000000000001,1.06e-05,0.0,0.0,r5large,False
408,16,1,0.00981,0.00026000000000000003,100.0,0.0,r5large,True
409,16,1,0.006540000000000001,7.64e-05,90.0,30.0,r5large,False
410,16,2,0.0118,0.00264,100.0,0.0,r5large,True
411,16,2,0.006640000000000001,0.000801,76.7,39.6,r5large,False
412,16,4,0.0115,0.00396,100.0,0.0,r5large,True
413,16,4,0.00386,0.00147,20.0,40.0,r5large,False
414,16,8,0.0152,0.00027,94.2,11.8,r5large,True
415,16,8,0.00337,4.22e-05,15.0,32.0,r5large,False
416,16,16,0.0261,0.000395,97.1,5.72,r5large,True
417,16,16,0.0033799999999999998,4.7799999999999996e-05,20.0,40.0,r5large,False
418,16,32,0.0227,0.000263,96.3,7.38,r5large,True
419,16,32,0.00339,5.9699999999999994e-05,40.0,49.0,r5large,False
420,32,1,0.0289,0.000136,48.0,4.0,r5large,True
421,32,1,0.0258,0.000399,51.0,5.39,r5large,False
422,32,2,0.0314,0.000354,98.6,4.29,r5large,True
423,32,2,0.0257,0.00020800000000000001,49.0,5.39,r5large,False
424,32,4,0.0336,0.00011599999999999999,97.5,5.0,r5large,True
425,32,4,0.0257,0.000266,53.0,4.58,r5large,False
426,32,8,0.0392,0.000215,97.6,4.73,r5large,True
427,32,8,0.0258,0.000262,50.7,6.67,r5large,False
428,32,16,0.0503,0.000597,98.2,3.64,r5large,True
429,32,16,0.0258,0.000244,49.0,8.31,r5large,False
430,32,32,0.0713,0.0010400000000000001,98.6,2.76,r5large,True
431,32,32,0.0258,0.000272,50.0,0.0,r5large,False
432,64,1,0.213,0.00037999999999999997,50.4,0.55,r5large,True
433,64,1,0.204,0.00161,49.5,0.588,r5large,False
434,64,2,0.22699999999999998,0.000452,98.7,1.07,r5large,True
435,64,2,0.204,0.00187,50.0,0.537,r5large,False
436,64,4,0.23,0.00295,98.9,1.08,r5large,True
437,64,4,0.204,0.0017100000000000001,49.9,0.6459999999999999,r5large,False
438,64,8,0.23399999999999999,0.00022400000000000002,99.4,0.9470000000000001,r5large,True
439,64,8,0.204,0.00175,49.9,0.6459999999999999,r5large,False
440,64,16,0.24600000000000002,0.0005549999999999999,99.8,0.6,r5large,True
441,64,16,0.204,0.00179,49.6,0.768,r5large,False
442,64,32,0.268,0.000597,99.4,0.856,r5large,True
443,64,32,0.205,0.00195,49.9,1.34,r5large,False
444,128,1,1.68,0.00581,50.1,0.11699999999999999,r5large,True
445,128,1,1.63,0.0162,50.0,0.102,r5large,False
446,128,2,1.79,0.00504,99.8,0.15,r5large,True
447,128,2,1.64,0.0175,50.0,0.126,r5large,False
448,128,4,1.79,0.0039299999999999995,99.9,0.192,r5large,True
449,128,4,1.65,0.0129,50.0,0.158,r5large,False
450,128,8,1.79,0.00141,100.0,0.09,r5large,True
451,128,8,1.63,0.0161,50.1,0.20199999999999999,r5large,False
452,128,16,1.81,0.0041,99.8,0.15,r5large,True
453,128,16,1.63,0.0153,50.1,0.0917,r5large,False
454,128,32,1.83,0.00316,99.8,0.15,r5large,True
455,128,32,1.63,0.0161,50.0,0.127,r5large,False
456,256,1,15.1,0.0687,50.0,0.0,r5large,True
457,256,1,14.6,0.193,50.0,0.0,r5large,False
458,256,2,14.4,0.0202,99.9,0.049,r5large,True
459,256,2,14.7,0.0693,50.0,0.0,r5large,False
460,256,4,14.4,0.0156,99.9,0.049,r5large,True
461,256,4,14.7,0.055,50.0,0.04,r5large,False
462,256,8,14.4,0.0271,100.0,0.04,r5large,True
463,256,8,14.7,0.0958,50.0,0.0,r5large,False
464,256,16,14.4,0.0223,100.0,0.0,r5large,True
465,256,16,14.6,0.0495,50.0,0.0,r5large,False
466,256,32,14.4,0.009059999999999999,100.0,0.04,r5large,True
467,256,32,14.8,0.10300000000000001,50.0,0.04,r5large,False
468,512,1,120.0,0.11699999999999999,50.0,0.0,r5large,True
469,512,1,119.0,0.314,50.0,0.0,r5large,False
470,512,2,115.0,0.0591,100.0,0.0,r5large,True
471,512,2,120.0,0.198,50.0,0.0,r5large,False
472,512,4,115.0,0.11199999999999999,99.9,0.049,r5large,True
473,512,4,120.0,0.385,50.0,0.0,r5large,False
474,512,8,116.0,0.10400000000000001,100.0,0.049,r5large,True
475,512,8,120.0,0.508,50.0,0.0,r5large,False
476,512,16,116.0,0.145,100.0,0.0,r5large,True
477,512,16,120.0,0.41200000000000003,50.0,0.0,r5large,False
478,512,32,116.0,0.0534,100.0,0.0,r5large,True
479,512,32,120.0,0.285,50.0,0.0,r5large,False
480,1,1,0.00244,0.000122,20.0,24.5,r5xlarge,True
481,1,1,9.88e-05,1.95e-06,0.0,0.0,r5xlarge,False
482,1,2,0.00237,5.59e-05,15.0,22.9,r5xlarge,True
483,1,2,9.67e-05,2.19e-06,0.0,0.0,r5xlarge,False
484,1,4,0.0024100000000000002,3.66e-05,35.0,45.0,r5xlarge,True
485,1,4,0.000102,8.23e-06,0.0,0.0,r5xlarge,False
486,1,8,0.00259,8.9e-05,10.0,20.0,r5xlarge,True
487,1,8,0.00011,4.24e-06,0.0,0.0,r5xlarge,False
488,1,16,0.00237,7.03e-05,0.0,0.0,r5xlarge,True
489,1,16,0.0001,2.4e-06,0.0,0.0,r5xlarge,False
490,1,32,0.00233,3.9e-05,10.0,20.0,r5xlarge,True
491,1,32,9.95e-05,4.53e-06,0.0,0.0,r5xlarge,False
492,2,1,0.0024100000000000002,2.7699999999999996e-05,45.0,41.5,r5xlarge,True
493,2,1,0.00010400000000000001,2.16e-06,0.0,0.0,r5xlarge,False
494,2,2,0.00331,3.24e-05,26.7,35.1,r5xlarge,True
495,2,2,0.00011200000000000001,1.7100000000000002e-05,0.0,0.0,r5xlarge,False
496,2,4,0.0033,6.14e-05,31.7,26.3,r5xlarge,True
497,2,4,0.00010800000000000001,3.34e-06,0.0,0.0,r5xlarge,False
498,2,8,0.0033200000000000005,3.4200000000000005e-05,31.7,34.5,r5xlarge,True
499,2,8,0.000109,1.82e-06,0.0,0.0,r5xlarge,False
500,2,16,0.0032700000000000003,8.859999999999999e-05,30.0,40.0,r5xlarge,True
501,2,16,0.000106,3.67e-06,0.0,0.0,r5xlarge,False
502,2,32,0.0031,7.79e-05,26.7,35.1,r5xlarge,True
503,2,32,0.000101,2.14e-06,0.0,0.0,r5xlarge,False
504,4,1,0.00227,3.72e-05,30.0,40.0,r5xlarge,True
505,4,1,0.00015800000000000002,1.89e-05,0.0,0.0,r5xlarge,False
506,4,2,0.00321,3.6200000000000006e-05,48.3,36.1,r5xlarge,True
507,4,2,0.000152,8.35e-06,0.0,0.0,r5xlarge,False
508,4,4,0.0055899999999999995,0.000276,41.7,15.4,r5xlarge,True
509,4,4,0.000153,1.71e-06,0.0,0.0,r5xlarge,False
510,4,8,0.00551,0.000182,45.0,18.3,r5xlarge,True
511,4,8,0.000154,8.12e-07,0.0,0.0,r5xlarge,False
512,4,16,0.0056,0.000166,43.3,22.6,r5xlarge,True
513,4,16,0.000157,2.37e-06,0.0,0.0,r5xlarge,False
514,4,32,0.00542,0.000213,50.0,19.7,r5xlarge,True
515,4,32,0.000154,1.98e-06,0.0,0.0,r5xlarge,False
516,8,1,0.00266,3.39e-05,25.0,33.5,r5xlarge,True
517,8,1,0.000554,1.4300000000000002e-05,0.0,0.0,r5xlarge,False
518,8,2,0.0034100000000000003,6.9e-05,25.0,33.5,r5xlarge,True
519,8,2,0.00055,1.17e-05,20.0,40.0,r5xlarge,False
520,8,4,0.00573,0.00021899999999999998,46.7,18.0,r5xlarge,True
521,8,4,0.000559,2.3199999999999998e-05,0.0,0.0,r5xlarge,False
522,8,8,0.009590000000000001,0.00025699999999999996,64.7,10.5,r5xlarge,True
523,8,8,0.000558,9.75e-06,0.0,0.0,r5xlarge,False
524,8,16,0.009170000000000001,0.000413,65.2,11.6,r5xlarge,True
525,8,16,0.000562,3.19e-05,10.0,30.0,r5xlarge,False
526,8,32,0.009009999999999999,0.000197,64.5,8.98,r5xlarge,True
527,8,32,0.000563,3.09e-05,5.0,15.0,r5xlarge,False
528,16,1,0.00588,8.71e-05,21.6,18.3,r5xlarge,True
529,16,1,0.00361,2.97e-05,25.0,25.0,r5xlarge,False
530,16,2,0.00513,5.7799999999999995e-05,40.0,22.6,r5xlarge,True
531,16,2,0.0036,3.14e-05,20.0,24.5,r5xlarge,False
532,16,4,0.0068200000000000005,6.26e-05,64.2,16.7,r5xlarge,True
533,16,4,0.00359,3.53e-05,10.0,20.0,r5xlarge,False
534,16,8,0.0102,0.00018600000000000002,73.0,4.38,r5xlarge,True
535,16,8,0.0036200000000000004,3.73e-05,15.0,22.9,r5xlarge,False
536,16,16,0.018000000000000002,0.000407,71.5,2.88,r5xlarge,True
537,16,16,0.00361,4.59e-05,10.0,20.0,r5xlarge,False
538,16,32,0.0171,0.000453,67.8,3.89,r5xlarge,True
539,16,32,0.0036200000000000004,5.5100000000000004e-05,15.0,22.9,r5xlarge,False
540,32,1,0.0314,9.059999999999999e-05,26.3,2.57,r5xlarge,True
541,32,1,0.0282,0.000239,26.1,1.15,r5xlarge,False
542,32,2,0.019,0.00336,46.5,4.76,r5xlarge,True
543,32,2,0.0282,0.000229,25.6,2.17,r5xlarge,False
544,32,4,0.0192,0.000124,85.4,4.61,r5xlarge,True
545,32,4,0.0281,0.000215,25.2,2.01,r5xlarge,False
546,32,8,0.0227,0.000267,83.7,4.7,r5xlarge,True
547,32,8,0.0275,0.000151,24.5,3.46,r5xlarge,False
548,32,16,0.0279,0.000383,89.5,5.2,r5xlarge,True
549,32,16,0.0276,0.00020099999999999998,23.6,3.78,r5xlarge,False
550,32,32,0.0396,0.00054,92.9,1.82,r5xlarge,True
551,32,32,0.0276,0.00020099999999999998,25.4,2.83,r5xlarge,False
552,64,1,0.226,0.000708,25.0,0.503,r5xlarge,True
553,64,1,0.218,0.00141,25.1,0.39799999999999996,r5xlarge,False
554,64,2,0.127,0.0139,49.9,0.7979999999999999,r5xlarge,True
555,64,2,0.218,0.00385,25.2,0.19899999999999998,r5xlarge,False
556,64,4,0.11599999999999999,0.000256,98.1,1.14,r5xlarge,True
557,64,4,0.217,0.0013800000000000002,24.9,0.5720000000000001,r5xlarge,False
558,64,8,0.122,0.000797,96.7,1.01,r5xlarge,True
559,64,8,0.22399999999999998,0.0018100000000000002,25.1,0.449,r5xlarge,False
560,64,16,0.128,0.000746,97.5,0.848,r5xlarge,True
561,64,16,0.22399999999999998,0.0016300000000000002,24.9,0.375,r5xlarge,False
562,64,32,0.139,0.000967,97.3,0.882,r5xlarge,True
563,64,32,0.223,0.00132,25.1,0.375,r5xlarge,False
564,128,1,1.79,0.00392,25.0,0.0872,r5xlarge,True
565,128,1,1.73,0.0117,25.0,0.04,r5xlarge,False
566,128,2,0.932,0.0607,50.7,2.38,r5xlarge,True
567,128,2,1.75,0.0399,25.9,2.65,r5xlarge,False
568,128,4,0.895,0.00281,99.6,0.18,r5xlarge,True
569,128,4,1.73,0.00925,25.0,0.049,r5xlarge,False
570,128,8,0.895,0.00245,99.6,0.147,r5xlarge,True
571,128,8,1.73,0.0101,25.0,0.04,r5xlarge,False
572,128,16,0.9,0.0022,99.6,0.192,r5xlarge,True
573,128,16,1.74,0.00984,25.0,0.11199999999999999,r5xlarge,False
574,128,32,0.914,0.00193,99.6,0.1,r5xlarge,True
575,128,32,1.73,0.0101,25.0,0.0539,r5xlarge,False
576,256,1,14.7,0.022000000000000002,25.0,0.0,r5xlarge,True
577,256,1,14.3,0.0883,25.0,0.0,r5xlarge,False
578,256,2,7.37,0.040999999999999995,50.0,0.102,r5xlarge,True
579,256,2,14.2,0.0863,25.0,0.0,r5xlarge,False
580,256,4,7.23,0.0477,100.0,0.0671,r5xlarge,True
581,256,4,14.2,0.10099999999999999,25.0,0.03,r5xlarge,False
582,256,8,7.2,0.0265,99.8,0.12,r5xlarge,True
583,256,8,14.2,0.0679,25.0,0.0,r5xlarge,False
584,256,16,7.22,0.0329,99.9,0.0458,r5xlarge,True
585,256,16,14.1,0.114,25.0,0.0,r5xlarge,False
586,256,32,7.28,0.0571,99.9,0.0458,r5xlarge,True
587,256,32,14.1,0.0781,25.0,0.03,r5xlarge,False
588,512,1,117.0,0.11,25.0,0.0,r5xlarge,True
589,512,1,115.0,0.226,25.0,0.0,r5xlarge,False
590,512,2,58.1,0.147,50.0,0.04,r5xlarge,True
591,512,2,114.0,0.483,25.0,0.0,r5xlarge,False
592,512,4,57.1,0.18100000000000002,99.8,0.175,r5xlarge,True
593,512,4,114.0,0.331,25.0,0.0,r5xlarge,False
594,512,8,57.7,0.0416,99.9,0.04,r5xlarge,True
595,512,8,106.0,0.508,25.0,0.0,r5xlarge,False
596,512,16,57.6,0.0496,99.9,0.049,r5xlarge,True
597,512,16,106.0,0.465,25.0,0.04,r5xlarge,False
598,512,32,57.7,0.0201,100.0,0.049,r5xlarge,True
599,512,32,106.0,0.774,25.0,0.049,r5xlarge,False
600,1,1,0.00227,0.000133,18.3,18.9,r52xlarge,True
601,1,1,9.85e-05,5.92e-06,0.0,0.0,r52xlarge,False
602,1,2,0.00216,3.82e-05,10.0,20.0,r52xlarge,True
603,1,2,9.719999999999999e-05,3e-06,0.0,0.0,r52xlarge,False
604,1,4,0.00223,3.09e-05,20.0,20.8,r52xlarge,True
605,1,4,9.9e-05,5.5e-06,0.0,0.0,r52xlarge,False
606,1,8,0.0022199999999999998,2.95e-05,10.0,20.0,r52xlarge,True
607,1,8,9.71e-05,1.67e-06,0.0,0.0,r52xlarge,False
608,1,16,0.0022,4.34e-05,11.7,18.3,r52xlarge,True
609,1,16,9.63e-05,5.27e-07,0.0,0.0,r52xlarge,False
610,1,32,0.00223,2.9199999999999998e-05,13.3,20.8,r52xlarge,True
611,1,32,9.76e-05,1.53e-06,0.0,0.0,r52xlarge,False
612,2,1,0.00227,3.43e-05,15.0,22.9,r52xlarge,True
613,2,1,0.00010400000000000001,2.18e-06,0.0,0.0,r52xlarge,False
614,2,2,0.00314,5.14e-05,23.3,20.0,r52xlarge,True
615,2,2,0.000102,1.64e-06,0.0,0.0,r52xlarge,False
616,2,4,0.00316,0.00010800000000000001,12.5,15.5,r52xlarge,True
617,2,4,0.000105,8.57e-06,0.0,0.0,r52xlarge,False
618,2,8,0.00309,0.000123,15.8,16.0,r52xlarge,True
619,2,8,0.00010400000000000001,6.11e-06,10.0,30.0,r52xlarge,False
620,2,16,0.00314,0.00014099999999999998,26.6,18.6,r52xlarge,True
621,2,16,0.000103,1.51e-06,0.0,0.0,r52xlarge,False
622,2,32,0.00323,0.000145,23.3,20.0,r52xlarge,True
623,2,32,0.00010800000000000001,1.39e-05,0.0,0.0,r52xlarge,False
624,4,1,0.00234,2.5e-05,25.0,21.4,r52xlarge,True
625,4,1,0.000157,1.13e-05,10.0,30.0,r52xlarge,False
626,4,2,0.00318,4.210000000000001e-05,16.6,16.6,r52xlarge,True
627,4,2,0.000153,6.71e-06,0.0,0.0,r52xlarge,False
628,4,4,0.0054399999999999995,0.00015,27.0,6.78,r52xlarge,True
629,4,4,0.000152,1.99e-06,0.0,0.0,r52xlarge,False
630,4,8,0.005220000000000001,0.000183,25.5,10.4,r52xlarge,True
631,4,8,0.000156,9.6e-06,0.0,0.0,r52xlarge,False
632,4,16,0.00524,0.000134,24.3,9.69,r52xlarge,True
633,4,16,0.00016299999999999998,2e-05,10.0,30.0,r52xlarge,False
634,4,32,0.00519,0.000172,28.5,11.8,r52xlarge,True
635,4,32,0.000153,1.48e-06,0.0,0.0,r52xlarge,False
636,8,1,0.00267,2.8300000000000003e-05,11.7,18.3,r52xlarge,True
637,8,1,0.000522,1.22e-05,0.0,0.0,r52xlarge,False
638,8,2,0.00343,9.39e-05,19.1,15.8,r52xlarge,True
639,8,2,0.000524,9.62e-06,0.0,0.0,r52xlarge,False
640,8,4,0.00548,0.00018700000000000002,28.5,7.76,r52xlarge,True
641,8,4,0.0005269999999999999,9.81e-06,10.0,20.0,r52xlarge,False
642,8,8,0.009179999999999999,0.00044100000000000004,30.0,6.97,r52xlarge,True
643,8,8,0.000531,1.9600000000000002e-05,10.0,30.0,r52xlarge,False
644,8,16,0.00924,0.00037400000000000004,30.5,3.97,r52xlarge,True
645,8,16,0.000534,2.02e-05,10.0,30.0,r52xlarge,False
646,8,32,0.00952,0.000309,27.0,5.3,r52xlarge,True
647,8,32,0.000535,1.05e-05,0.0,0.0,r52xlarge,False
648,16,1,0.00572,7.63e-05,12.7,13.5,r52xlarge,True
649,16,1,0.0034200000000000003,5.2000000000000004e-05,9.16,14.2,r52xlarge,False
650,16,2,0.00499,8.499999999999999e-05,14.0,14.6,r52xlarge,True
651,16,2,0.0034,6.02e-05,14.2,14.4,r52xlarge,False
652,16,4,0.00627,0.000273,32.5,8.64,r52xlarge,True
653,16,4,0.00344,5.05e-05,8.33,12.9,r52xlarge,False
654,16,8,0.01,0.000328,34.0,3.31,r52xlarge,True
655,16,8,0.00343,5.99e-05,9.16,14.2,r52xlarge,False
656,16,16,0.0177,0.000446,34.5,5.46,r52xlarge,True
657,16,16,0.0033399999999999997,4.5299999999999997e-05,18.3,15.3,r52xlarge,False
658,16,32,0.017,0.000315,31.0,3.97,r52xlarge,True
659,16,32,0.00337,8.190000000000001e-05,10.8,13.5,r52xlarge,False
660,32,1,0.0285,0.000264,13.5,2.75,r52xlarge,True
661,32,1,0.0253,0.000242,12.4,2.09,r52xlarge,False
662,32,2,0.0164,0.000123,23.4,3.63,r52xlarge,True
663,32,2,0.0251,0.00026000000000000003,12.4,2.33,r52xlarge,False
664,32,4,0.0134,0.00255,39.5,4.3,r52xlarge,True
665,32,4,0.0261,0.00027,13.4,1.7,r52xlarge,False
666,32,8,0.015,0.000475,52.4,2.72,r52xlarge,True
667,32,8,0.0263,0.000352,12.5,2.06,r52xlarge,False
668,32,16,0.0204,0.000637,51.8,3.9,r52xlarge,True
669,32,16,0.026000000000000002,0.000398,12.8,1.86,r52xlarge,False
670,32,32,0.0364,0.0006900000000000001,45.0,1.59,r52xlarge,True
671,32,32,0.0263,0.00033,11.7,2.11,r52xlarge,False
672,64,1,0.215,0.00118,12.6,0.32899999999999996,r52xlarge,True
673,64,1,0.205,0.0017699999999999999,12.3,0.21100000000000002,r52xlarge,False
674,64,2,0.107,0.000529,24.6,0.633,r52xlarge,True
675,64,2,0.2,0.0037600000000000003,12.6,0.287,r52xlarge,False
676,64,4,0.0664,0.0134,45.2,3.37,r52xlarge,True
677,64,4,0.2,0.00268,12.5,0.207,r52xlarge,False
678,64,8,0.0639,0.00214,84.1,4.31,r52xlarge,True
679,64,8,0.2,0.0021899999999999997,12.5,0.243,r52xlarge,False
680,64,16,0.068,0.0015,85.4,2.22,r52xlarge,True
681,64,16,0.201,0.00215,12.6,0.17600000000000002,r52xlarge,False
682,64,32,0.0742,0.000696,87.7,0.9840000000000001,r52xlarge,True
683,64,32,0.207,0.00172,12.5,0.256,r52xlarge,False
684,128,1,1.71,0.009940000000000001,12.5,0.03,r52xlarge,True
685,128,1,1.65,0.0158,12.5,0.03,r52xlarge,False
686,128,2,0.852,0.00618,24.8,0.10800000000000001,r52xlarge,True
687,128,2,1.62,0.0143,12.5,0.0,r52xlarge,False
688,128,4,0.436,0.0113,49.3,0.664,r52xlarge,True
689,128,4,1.64,0.0165,12.5,0.04,r52xlarge,False
690,128,8,0.457,0.0016300000000000002,97.9,0.483,r52xlarge,True
691,128,8,1.64,0.0114,12.5,0.03,r52xlarge,False
692,128,16,0.456,0.0035,97.4,0.7929999999999999,r52xlarge,True
693,128,16,1.59,0.0175,12.5,0.03,r52xlarge,False
694,128,32,0.461,0.00213,98.1,0.389,r52xlarge,True
695,128,32,1.59,0.0163,12.5,0.03,r52xlarge,False
696,256,1,13.1,0.0207,12.5,0.0,r52xlarge,True
697,256,1,12.7,0.11900000000000001,12.5,0.0,r52xlarge,False
698,256,2,6.61,0.00588,25.0,0.0,r52xlarge,True
699,256,2,12.7,0.128,12.5,0.0,r52xlarge,False
700,256,4,3.31,0.0234,49.8,0.21600000000000003,r52xlarge,True
701,256,4,12.7,0.12,12.5,0.0,r52xlarge,False
702,256,8,3.56,0.0111,99.3,0.262,r52xlarge,True
703,256,8,12.7,0.139,12.5,0.0,r52xlarge,False
704,256,16,3.56,0.0050799999999999994,99.6,0.122,r52xlarge,True
705,256,16,12.7,0.125,12.5,0.0,r52xlarge,False
706,256,32,3.57,0.00834,99.7,0.098,r52xlarge,True
707,256,32,12.7,0.145,12.5,0.0,r52xlarge,False
708,512,1,107.0,0.28,12.5,0.0,r52xlarge,True
709,512,1,106.0,0.47600000000000003,12.5,0.0,r52xlarge,False
710,512,2,54.0,0.0982,25.0,0.0,r52xlarge,True
711,512,2,105.0,0.39899999999999997,12.5,0.0,r52xlarge,False
712,512,4,26.2,0.141,49.7,0.18899999999999997,r52xlarge,True
713,512,4,104.0,0.856,12.5,0.0,r52xlarge,False
714,512,8,28.4,0.131,99.1,0.361,r52xlarge,True
715,512,8,104.0,0.741,12.5,0.03,r52xlarge,False
716,512,16,28.3,0.0784,99.5,0.21,r52xlarge,True
717,512,16,104.0,1.16,12.5,0.0,r52xlarge,False
718,512,32,28.3,0.11800000000000001,99.9,0.06,r52xlarge,True
719,512,32,104.0,0.7979999999999999,12.5,0.0,r52xlarge,False
720,1,1,0.00216,0.00014199999999999998,30.0,45.8,c5large,True
721,1,1,8.329999999999999e-05,1.77e-06,0.0,0.0,c5large,False
722,1,2,0.0021,4.03e-05,10.0,30.0,c5large,True
723,1,2,8.71e-05,3.02e-06,0.0,0.0,c5large,False
724,1,4,0.00207,5.04e-05,25.0,40.3,c5large,True
725,1,4,8.609999999999999e-05,2.26e-06,0.0,0.0,c5large,False
726,1,8,0.00215,5.85e-05,30.0,45.8,c5large,True
727,1,8,8.590000000000001e-05,7.75e-06,0.0,0.0,c5large,False
728,1,16,0.0020800000000000003,3.229999999999999e-05,10.0,30.0,c5large,True
729,1,16,8.640000000000001e-05,3.08e-06,0.0,0.0,c5large,False
730,1,32,0.0020800000000000003,3.06e-05,30.0,45.8,c5large,True
731,1,32,8.39e-05,2.36e-06,0.0,0.0,c5large,False
732,2,1,0.00214,9.86e-05,20.0,40.0,c5large,True
733,2,1,9.7e-05,1.01e-05,0.0,0.0,c5large,False
734,2,2,0.0034799999999999996,0.000153,50.0,50.0,c5large,True
735,2,2,9.37e-05,8.82e-06,0.0,0.0,c5large,False
736,2,4,0.00336,0.000166,56.7,41.6,c5large,True
737,2,4,9.67e-05,1.4999999999999999e-05,0.0,0.0,c5large,False
738,2,8,0.0034100000000000003,0.000131,50.0,50.0,c5large,True
739,2,8,0.000106,2.2100000000000002e-05,30.0,45.8,c5large,False
740,2,16,0.00336,0.00015,70.0,45.8,c5large,True
741,2,16,9.290000000000001e-05,2.93e-06,0.0,0.0,c5large,False
742,2,32,0.0033799999999999998,0.000169,61.7,43.5,c5large,True
743,2,32,9.15e-05,1.14e-06,0.0,0.0,c5large,False
744,4,1,0.00214,5.870000000000001e-05,20.0,40.0,c5large,True
745,4,1,0.000139,1.99e-05,10.0,30.0,c5large,False
746,4,2,0.0034700000000000004,0.000161,40.0,49.0,c5large,True
747,4,2,0.000133,2.52e-06,0.0,0.0,c5large,False
748,4,4,0.00606,0.000236,60.0,49.0,c5large,True
749,4,4,0.000136,3.79e-06,0.0,0.0,c5large,False
750,4,8,0.00604,0.000336,90.0,30.0,c5large,True
751,4,8,0.000147,1.4999999999999999e-05,0.0,0.0,c5large,False
752,4,16,0.00624,0.000383,100.0,0.0,c5large,True
753,4,16,0.000145,3.18e-06,0.0,0.0,c5large,False
754,4,32,0.00601,9.379999999999999e-05,85.0,32.0,c5large,True
755,4,32,0.00014099999999999998,2.84e-06,0.0,0.0,c5large,False
756,8,1,0.00251,2.9299999999999997e-05,35.0,45.0,c5large,True
757,8,1,0.00046399999999999995,1.7899999999999998e-05,0.0,0.0,c5large,False
758,8,2,0.00398,0.00028199999999999997,45.0,47.2,c5large,True
759,8,2,0.00045999999999999996,1.1900000000000001e-05,0.0,0.0,c5large,False
760,8,4,0.00686,0.000541,76.7,32.7,c5large,True
761,8,4,0.000463,1.32e-05,0.0,0.0,c5large,False
762,8,8,0.0115,0.000184,96.7,9.99,c5large,True
763,8,8,0.000484,2.4299999999999998e-05,0.0,0.0,c5large,False
764,8,16,0.0109,0.000346,100.0,0.0,c5large,True
765,8,16,0.000487,3.43e-05,0.0,0.0,c5large,False
766,8,32,0.0107,0.00029,100.0,0.0,c5large,True
767,8,32,0.00047000000000000004,1.21e-05,0.0,0.0,c5large,False
768,16,1,0.0050799999999999994,0.000101,30.0,45.8,c5large,True
769,16,1,0.00302,9.740000000000001e-05,35.0,45.0,c5large,False
770,16,2,0.006379999999999999,0.000279,80.0,40.0,c5large,True
771,16,2,0.00307,6.51e-05,25.0,33.5,c5large,False
772,16,4,0.00903,0.000185,100.0,0.0,c5large,True
773,16,4,0.0030399999999999997,8.22e-05,25.0,33.5,c5large,False
774,16,8,0.0142,0.000262,89.2,13.5,c5large,True
775,16,8,0.00302,9.75e-05,10.0,20.0,c5large,False
776,16,16,0.0249,0.00045999999999999996,98.3,5.01,c5large,True
777,16,16,0.0030600000000000002,6.96e-05,55.0,47.2,c5large,False
778,16,32,0.0211,0.00031,100.0,0.0,c5large,True
779,16,32,0.0031100000000000004,4.8899999999999996e-05,15.0,32.0,c5large,False
780,32,1,0.0268,0.00024900000000000004,50.7,6.67,c5large,True
781,32,1,0.0236,0.0007509999999999999,50.0,8.94,c5large,False
782,32,2,0.0276,9.63e-05,98.6,4.29,c5large,True
783,32,2,0.0221,0.000125,52.0,6.0,c5large,False
784,32,4,0.0302,0.000229,98.6,4.29,c5large,True
785,32,4,0.0222,0.000157,51.0,5.39,c5large,False
786,32,8,0.0355,0.00032599999999999996,97.5,5.13,c5large,True
787,32,8,0.0222,0.00013700000000000002,54.0,4.9,c5large,False
788,32,16,0.0462,0.0005,97.0,4.63,c5large,True
789,32,16,0.0223,0.00016,51.0,7.0,c5large,False
790,32,32,0.0669,0.0019,98.6,2.84,c5large,True
791,32,32,0.0222,0.000139,51.0,3.0,c5large,False
792,64,1,0.177,0.000207,50.4,0.8959999999999999,c5large,True
793,64,1,0.17,0.0016300000000000002,49.9,1.02,c5large,False
794,64,2,0.195,0.0007160000000000001,99.5,1.02,c5large,True
795,64,2,0.175,0.00139,50.3,0.84,c5large,False
796,64,4,0.19399999999999998,0.00041500000000000006,99.2,1.18,c5large,True
797,64,4,0.17,0.0020800000000000003,50.0,0.649,c5large,False
798,64,8,0.203,0.000978,99.8,0.75,c5large,True
799,64,8,0.17600000000000002,0.00168,50.3,0.84,c5large,False
800,64,16,0.214,0.000354,99.3,1.05,c5large,True
801,64,16,0.177,0.0017,49.9,0.754,c5large,False
802,64,32,0.23600000000000002,0.00112,99.4,0.978,c5large,True
803,64,32,0.17600000000000002,0.00137,49.9,0.98,c5large,False
804,128,1,1.44,0.0007160000000000001,50.0,0.155,c5large,True
805,128,1,1.41,0.0104,50.0,0.15,c5large,False
806,128,2,1.51,0.0115,99.7,0.243,c5large,True
807,128,2,1.39,0.0263,50.0,0.06,c5large,False
808,128,4,1.52,0.0017699999999999999,99.9,0.147,c5large,True
809,128,4,1.4,0.0114,50.0,0.14,c5large,False
810,128,8,1.53,0.00557,99.9,0.13699999999999998,c5large,True
811,128,8,1.4,0.00985,50.0,0.08,c5large,False
812,128,16,1.54,0.00463,100.0,0.09,c5large,True
813,128,16,1.4,0.0127,50.0,0.06,c5large,False
814,128,32,1.57,0.0021899999999999997,99.8,0.147,c5large,True
815,128,32,1.4,0.0152,50.1,0.0917,c5large,False
816,256,1,11.1,0.00521,50.0,0.0,c5large,True
817,256,1,10.8,0.0992,50.0,0.0,c5large,False
818,256,2,12.2,0.0158,99.9,0.08,c5large,True
819,256,2,11.2,0.0861,50.0,0.0,c5large,False
820,256,4,12.0,0.0215,99.9,0.07,c5large,True
821,256,4,10.8,0.098,50.0,0.0,c5large,False
822,256,8,12.2,0.0173,100.0,0.03,c5large,True
823,256,8,11.2,0.0952,50.0,0.03,c5large,False
824,256,16,12.3,0.0139,100.0,0.0,c5large,True
825,256,16,12.1,0.0679,50.0,0.0,c5large,False
826,256,32,12.4,0.07200000000000001,100.0,0.0,c5large,True
827,256,32,12.2,0.142,50.5,1.47,c5large,False
828,512,1,95.3,0.121,50.0,0.0917,c5large,True
829,512,1,94.0,0.748,50.0,0.0,c5large,False
830,512,2,98.5,0.0846,99.9,0.049,c5large,True
831,512,2,93.7,0.519,50.0,0.0,c5large,False
832,512,4,97.2,0.307,100.0,0.0671,c5large,True
833,512,4,91.0,0.722,50.0,0.12,c5large,False
834,512,8,98.1,0.185,100.0,0.0458,c5large,True
835,512,8,92.8,0.499,50.0,0.0,c5large,False
836,512,16,98.2,0.0652,100.0,0.0,c5large,True
837,512,16,93.2,0.495,50.0,0.0,c5large,False
838,512,32,98.7,0.0967,100.0,0.0,c5large,True
839,512,32,92.5,0.36,50.0,0.0,c5large,False
840,1,1,0.002,0.000139,10.0,20.0,c5xlarge,True
841,1,1,8.58e-05,1.98e-06,0.0,0.0,c5xlarge,False
842,1,2,0.0019199999999999998,4.8599999999999995e-05,35.0,45.0,c5xlarge,True
843,1,2,8.640000000000001e-05,7.71e-06,0.0,0.0,c5xlarge,False
844,1,4,0.0019100000000000002,4.16e-05,5.0,15.0,c5xlarge,True
845,1,4,8.48e-05,1.57e-06,0.0,0.0,c5xlarge,False
846,1,8,0.0018899999999999998,3.570000000000001e-05,10.0,20.0,c5xlarge,True
847,1,8,8.53e-05,3.82e-06,0.0,0.0,c5xlarge,False
848,1,16,0.00193,2.01e-05,5.0,15.0,c5xlarge,True
849,1,16,8.48e-05,1.71e-06,0.0,0.0,c5xlarge,False
850,1,32,0.00187,1.49e-05,20.0,33.2,c5xlarge,True
851,1,32,8.859999999999999e-05,1.34e-05,0.0,0.0,c5xlarge,False
852,2,1,0.0019199999999999998,3.5799999999999996e-05,30.0,40.0,c5xlarge,True
853,2,1,9.01e-05,1.63e-06,0.0,0.0,c5xlarge,False
854,2,2,0.0027600000000000003,8.08e-05,35.0,32.0,c5xlarge,True
855,2,2,8.99e-05,2.13e-06,0.0,0.0,c5xlarge,False
856,2,4,0.00278,9.71e-05,21.7,26.9,c5xlarge,True
857,2,4,9.19e-05,5.53e-06,0.0,0.0,c5xlarge,False
858,2,8,0.0027600000000000003,6.6e-05,35.0,39.1,c5xlarge,True
859,2,8,9.070000000000001e-05,1.52e-06,0.0,0.0,c5xlarge,False
860,2,16,0.0027600000000000003,8.82e-05,20.0,33.2,c5xlarge,True
861,2,16,9.02e-05,2.44e-06,0.0,0.0,c5xlarge,False
862,2,32,0.0028399999999999996,8.88e-05,40.0,49.0,c5xlarge,True
863,2,32,9.209999999999999e-05,1.09e-06,0.0,0.0,c5xlarge,False
864,4,1,0.00199,1.59e-05,15.0,32.0,c5xlarge,True
865,4,1,0.000135,6.09e-06,10.0,30.0,c5xlarge,False
866,4,2,0.0028699999999999997,7.69e-05,15.0,32.0,c5xlarge,True
867,4,2,0.000134,1.71e-06,0.0,0.0,c5xlarge,False
868,4,4,0.00486,0.00016299999999999998,53.3,23.3,c5xlarge,True
869,4,4,0.00014099999999999998,2.8600000000000004e-05,0.0,0.0,c5xlarge,False
870,4,8,0.00477,0.000188,26.7,27.1,c5xlarge,True
871,4,8,0.000139,1.55e-05,10.0,30.0,c5xlarge,False
872,4,16,0.00477,0.00021,40.0,30.0,c5xlarge,True
873,4,16,0.000133,1.62e-06,0.0,0.0,c5xlarge,False
874,4,32,0.00472,8.98e-05,36.7,30.6,c5xlarge,True
875,4,32,0.000133,2.99e-06,0.0,0.0,c5xlarge,False
876,8,1,0.0023,3.78e-05,25.0,40.3,c5xlarge,True
877,8,1,0.000454,1.84e-05,0.0,0.0,c5xlarge,False
878,8,2,0.0030399999999999997,9.89e-05,15.0,32.0,c5xlarge,True
879,8,2,0.000449,4.67e-06,0.0,0.0,c5xlarge,False
880,8,4,0.00498,0.000267,71.7,24.8,c5xlarge,True
881,8,4,0.000462,1.92e-05,0.0,0.0,c5xlarge,False
882,8,8,0.00853,0.000293,59.2,21.6,c5xlarge,True
883,8,8,0.000472,6.579999999999999e-05,10.0,30.0,c5xlarge,False
884,8,16,0.00822,0.000291,61.7,10.0,c5xlarge,True
885,8,16,0.00046399999999999995,3.02e-05,0.0,0.0,c5xlarge,False
886,8,32,0.00829,0.00023999999999999998,54.3,10.1,c5xlarge,True
887,8,32,0.00045599999999999997,9.73e-06,10.0,30.0,c5xlarge,False
888,16,1,0.0049,2.99e-05,26.7,23.8,c5xlarge,True
889,16,1,0.0029,4.04e-05,10.0,20.0,c5xlarge,False
890,16,2,0.0042899999999999995,6.979999999999999e-05,51.7,32.0,c5xlarge,True
891,16,2,0.0028699999999999997,5e-05,5.0,15.0,c5xlarge,False
892,16,4,0.0057799999999999995,9.22e-05,56.7,8.18,c5xlarge,True
893,16,4,0.0028899999999999998,5.8599999999999995e-05,10.0,20.0,c5xlarge,False
894,16,8,0.00896,0.00024300000000000002,71.0,14.0,c5xlarge,True
895,16,8,0.00295,5.2900000000000005e-05,10.0,20.0,c5xlarge,False
896,16,16,0.0156,0.000262,74.1,3.87,c5xlarge,True
897,16,16,0.00299,7.2e-05,15.0,22.9,c5xlarge,False
898,16,32,0.0153,0.000434,66.9,6.13,c5xlarge,True
899,16,32,0.00296,3.71e-05,15.0,22.9,c5xlarge,False
900,32,1,0.0245,0.000153,25.7,4.41,c5xlarge,True
901,32,1,0.0218,0.00022799999999999999,24.9,2.85,c5xlarge,False
902,32,2,0.0194,0.00595,47.4,4.91,c5xlarge,True
903,32,2,0.0225,0.00022200000000000003,26.8,4.22,c5xlarge,False
904,32,4,0.0163,0.000113,84.3,1.18,c5xlarge,True
905,32,4,0.0225,0.000195,24.8,3.49,c5xlarge,False
906,32,8,0.0196,0.000259,81.6,4.7,c5xlarge,True
907,32,8,0.0225,0.00016299999999999998,24.1,2.37,c5xlarge,False
908,32,16,0.0238,0.000264,90.7,3.15,c5xlarge,True
909,32,16,0.022000000000000002,0.00035,23.0,1.28,c5xlarge,False
910,32,32,0.0349,0.000395,94.2,2.89,c5xlarge,True
911,32,32,0.0221,0.000231,24.6,2.96,c5xlarge,False
912,64,1,0.185,0.00013000000000000002,25.0,0.537,c5xlarge,True
913,64,1,0.17800000000000002,0.0016300000000000002,25.2,0.317,c5xlarge,False
914,64,2,0.106,0.012,49.8,1.0,c5xlarge,True
915,64,2,0.17800000000000002,0.00185,25.1,0.32799999999999996,c5xlarge,False
916,64,4,0.1,0.000294,97.8,0.746,c5xlarge,True
917,64,4,0.17800000000000002,0.00149,24.8,0.366,c5xlarge,False
918,64,8,0.102,0.000408,97.0,0.977,c5xlarge,True
919,64,8,0.17300000000000001,0.00183,25.0,0.59,c5xlarge,False
920,64,16,0.10800000000000001,0.000614,97.5,1.24,c5xlarge,True
921,64,16,0.179,0.00176,24.9,0.331,c5xlarge,False
922,64,32,0.11900000000000001,0.0012699999999999999,97.5,0.82,c5xlarge,True
923,64,32,0.179,0.00185,25.0,0.349,c5xlarge,False
924,128,1,1.46,0.0024,25.0,0.0632,c5xlarge,True
925,128,1,1.43,0.0104,25.0,0.0632,c5xlarge,False
926,128,2,0.728,0.0137,49.9,0.15,c5xlarge,True
927,128,2,1.38,0.0118,25.0,0.06,c5xlarge,False
928,128,4,0.7559999999999999,0.00201,99.6,0.16,c5xlarge,True
929,128,4,1.38,0.0112,25.0,0.0447,c5xlarge,False
930,128,8,0.77,0.0010199999999999999,99.6,0.13699999999999998,c5xlarge,True
931,128,8,1.43,0.0138,25.0,0.06,c5xlarge,False
932,128,16,0.777,0.00234,99.5,0.221,c5xlarge,True
933,128,16,1.42,0.0151,25.0,0.0447,c5xlarge,False
934,128,32,0.787,0.0010199999999999999,99.6,0.13699999999999998,c5xlarge,True
935,128,32,1.43,0.0153,24.9,0.049,c5xlarge,False
936,256,1,11.3,0.0029100000000000003,25.0,0.0,c5xlarge,True
937,256,1,11.0,0.11199999999999999,25.1,0.24,c5xlarge,False
938,256,2,5.87,0.015,50.0,0.0,c5xlarge,True
939,256,2,11.4,0.122,25.0,0.0,c5xlarge,False
940,256,4,6.11,0.0172,99.7,0.17300000000000001,c5xlarge,True
941,256,4,11.4,0.114,25.0,0.03,c5xlarge,False
942,256,8,6.11,0.0125,99.7,0.509,c5xlarge,True
943,256,8,11.4,0.0861,25.0,0.0,c5xlarge,False
944,256,16,6.03,0.00732,99.8,0.128,c5xlarge,True
945,256,16,11.0,0.0866,25.0,0.0,c5xlarge,False
946,256,32,6.04,0.008320000000000001,99.9,0.049,c5xlarge,True
947,256,32,11.0,0.11599999999999999,25.0,0.0,c5xlarge,False
948,512,1,93.1,0.0911,25.0,0.0,c5xlarge,True
949,512,1,91.8,0.46799999999999997,25.0,0.09,c5xlarge,False
950,512,2,46.6,0.0461,50.0,0.0,c5xlarge,True
951,512,2,91.6,0.301,25.0,0.0,c5xlarge,False
952,512,4,48.2,0.134,99.9,0.18,c5xlarge,True
953,512,4,89.7,0.958,25.0,0.0,c5xlarge,False
954,512,8,48.8,0.0743,99.8,0.1,c5xlarge,True
955,512,8,91.6,0.5329999999999999,25.0,0.03,c5xlarge,False
956,512,16,48.7,0.0447,99.9,0.0447,c5xlarge,True
957,512,16,91.5,0.456,25.0,0.0,c5xlarge,False
958,512,32,48.9,0.0454,99.9,0.0447,c5xlarge,True
959,512,32,91.2,0.541,25.0,0.0,c5xlarge,False
960,1,1,0.00209,7.87e-05,28.3,29.9,c52xlarge,True
961,1,1,9.08e-05,2.12e-06,0.0,0.0,c52xlarge,False
962,1,2,0.00212,9.03e-05,15.0,22.9,c52xlarge,True
963,1,2,9.63e-05,6.97e-06,0.0,0.0,c52xlarge,False
964,1,4,0.00201,6.850000000000001e-05,12.5,20.2,c52xlarge,True
965,1,4,9.109999999999999e-05,2.98e-06,0.0,0.0,c52xlarge,False
966,1,8,0.00201,3.59e-05,10.0,20.0,c52xlarge,True
967,1,8,9.04e-05,1.31e-06,0.0,0.0,c52xlarge,False
968,1,16,0.00197,3.229999999999999e-05,18.3,22.9,c52xlarge,True
969,1,16,9.37e-05,4.57e-06,0.0,0.0,c52xlarge,False
970,1,32,0.00199,3.02e-05,11.7,18.3,c52xlarge,True
971,1,32,9.2e-05,5.75e-06,0.0,0.0,c52xlarge,False
972,2,1,0.00212,5.47e-05,18.3,22.9,c52xlarge,True
973,2,1,9.82e-05,1.48e-06,0.0,0.0,c52xlarge,False
974,2,2,0.003,7.57e-05,28.3,24.8,c52xlarge,True
975,2,2,0.000118,1.98e-05,25.0,40.3,c52xlarge,False
976,2,4,0.0029100000000000003,7.99e-05,29.2,17.6,c52xlarge,True
977,2,4,9.65e-05,1.49e-06,0.0,0.0,c52xlarge,False
978,2,8,0.00292,0.000168,35.0,13.8,c52xlarge,True
979,2,8,0.000118,2.07e-05,0.0,0.0,c52xlarge,False
980,2,16,0.00303,0.000151,36.7,20.8,c52xlarge,True
981,2,16,0.000105,1e-05,10.0,30.0,c52xlarge,False
982,2,32,0.00299,0.000226,18.3,22.9,c52xlarge,True
983,2,32,0.000106,1.28e-05,0.0,0.0,c52xlarge,False
984,4,1,0.00227,0.00011899999999999999,16.7,21.1,c52xlarge,True
985,4,1,0.000167,3.39e-05,0.0,0.0,c52xlarge,False
986,4,2,0.00293,7.99e-05,6.66,13.3,c52xlarge,True
987,4,2,0.00014199999999999998,1.87e-06,0.0,0.0,c52xlarge,False
988,4,4,0.00504,0.000174,35.8,10.9,c52xlarge,True
989,4,4,0.00016,3.13e-05,10.0,30.0,c52xlarge,False
990,4,8,0.00475,0.000129,27.5,6.67,c52xlarge,True
991,4,8,0.000151,1.28e-05,0.0,0.0,c52xlarge,False
992,4,16,0.00503,0.000236,33.3,14.4,c52xlarge,True
993,4,16,0.000168,2.84e-05,0.0,0.0,c52xlarge,False
994,4,32,0.00507,0.000286,39.2,16.5,c52xlarge,True
995,4,32,0.000165,3.09e-05,0.0,0.0,c52xlarge,False
996,8,1,0.0026,8.2e-05,25.0,21.4,c52xlarge,True
997,8,1,0.000551,0.000106,0.0,0.0,c52xlarge,False
998,8,2,0.0033,0.00017900000000000001,33.3,24.7,c52xlarge,True
999,8,2,0.000526,7.37e-05,10.0,30.0,c52xlarge,False
1000,8,4,0.0053100000000000005,0.000227,40.7,11.1,c52xlarge,True
1001,8,4,0.000528,7.08e-05,0.0,0.0,c52xlarge,False
1002,8,8,0.00883,0.000327,45.2,4.22,c52xlarge,True
1003,8,8,0.000543,0.000129,0.0,0.0,c52xlarge,False
1004,8,16,0.00863,0.000367,39.1,9.64,c52xlarge,True
1005,8,16,0.0005,8.14e-05,0.0,0.0,c52xlarge,False
1006,8,32,0.00843,0.0003,37.0,7.68,c52xlarge,True
1007,8,32,0.000502,4.1700000000000004e-05,10.0,30.0,c52xlarge,False
1008,16,1,0.00545,0.00022,17.8,13.2,c52xlarge,True
1009,16,1,0.0033,0.000217,18.3,18.9,c52xlarge,False
1010,16,2,0.0048,0.00025299999999999997,30.6,12.2,c52xlarge,True
1011,16,2,0.0032700000000000003,0.000199,28.3,19.8,c52xlarge,False
1012,16,4,0.005679999999999999,0.000352,33.0,9.54,c52xlarge,True
1013,16,4,0.0031100000000000004,0.00024300000000000002,16.6,16.6,c52xlarge,False
1014,16,8,0.00881,0.000259,31.4,7.6,c52xlarge,True
1015,16,8,0.00299,3.11e-05,9.16,14.2,c52xlarge,False
1016,16,16,0.0153,0.00108,39.3,8.82,c52xlarge,True
1017,16,16,0.00305,8.2e-05,11.7,14.5,c52xlarge,False
1018,16,32,0.0156,0.0008960000000000001,41.0,6.13,c52xlarge,True
1019,16,32,0.00301,4.4200000000000004e-05,16.7,21.1,c52xlarge,False
1020,32,1,0.0277,0.0031,25.2,2.7,c52xlarge,True
1021,32,1,0.0265,0.00511,24.5,1.77,c52xlarge,False
1022,32,2,0.0168,0.00373,35.4,4.51,c52xlarge,True
1023,32,2,0.0254,0.0036200000000000004,23.6,4.43,c52xlarge,False
1024,32,4,0.0171,0.000624,46.4,3.23,c52xlarge,True
1025,32,4,0.0268,0.00607,25.8,1.82,c52xlarge,False
1026,32,8,0.0144,0.000717,62.1,5.18,c52xlarge,True
1027,32,8,0.0263,0.00488,23.6,3.04,c52xlarge,False
1028,32,16,0.0193,0.000798,59.8,4.8,c52xlarge,True
1029,32,16,0.0242,0.000475,23.2,3.63,c52xlarge,False
1030,32,32,0.0329,0.00038700000000000003,50.0,3.57,c52xlarge,True
1031,32,32,0.0242,0.000309,21.1,3.24,c52xlarge,False
1032,64,1,0.193,0.00242,18.3,6.05,c52xlarge,True
1033,64,1,0.187,0.0041600000000000005,18.5,5.9,c52xlarge,False
1034,64,2,0.0982,0.000339,24.5,0.33399999999999996,c52xlarge,True
1035,64,2,0.18600000000000003,0.00146,12.7,0.215,c52xlarge,False
1036,64,4,0.0622,0.00942,45.2,3.4,c52xlarge,True
1037,64,4,0.188,0.000989,12.6,0.0831,c52xlarge,False
1038,64,8,0.0577,0.000293,85.8,1.09,c52xlarge,True
1039,64,8,0.188,0.00116,12.5,0.35,c52xlarge,False
1040,64,16,0.0618,0.0010199999999999999,85.6,2.58,c52xlarge,True
1041,64,16,0.188,0.000935,12.4,0.297,c52xlarge,False
1042,64,32,0.0674,0.00114,85.8,0.917,c52xlarge,True
1043,64,32,0.188,0.0009310000000000001,12.5,0.276,c52xlarge,False
1044,128,1,1.53,0.00321,12.5,0.03,c52xlarge,True
1045,128,1,1.5,0.01,12.5,0.0458,c52xlarge,False
1046,128,2,0.77,0.00173,25.0,0.09,c52xlarge,True
1047,128,2,1.5,0.00771,12.5,0.03,c52xlarge,False
1048,128,4,0.395,0.0127,49.3,0.805,c52xlarge,True
1049,128,4,1.5,0.00864,12.5,0.0,c52xlarge,False
1050,128,8,0.41,0.00091,98.1,0.24,c52xlarge,True
1051,128,8,1.48,0.0121,12.5,0.0539,c52xlarge,False
1052,128,16,0.41700000000000004,0.00566,97.0,1.65,c52xlarge,True
1053,128,16,1.47,0.0131,12.5,0.0,c52xlarge,False
1054,128,32,0.42200000000000004,0.00146,97.8,0.306,c52xlarge,True
1055,128,32,1.5,0.0125,12.5,0.03,c52xlarge,False
1056,256,1,12.2,0.0178,12.5,0.0,c52xlarge,True
1057,256,1,11.9,0.0812,12.5,0.0,c52xlarge,False
1058,256,2,6.14,0.00935,24.9,0.05,c52xlarge,True
1059,256,2,11.9,0.0934,12.5,0.0,c52xlarge,False
1060,256,4,3.07,0.01,49.8,0.10400000000000001,c52xlarge,True
1061,256,4,11.9,0.0962,12.5,0.0,c52xlarge,False
1062,256,8,3.25,0.00555,99.5,0.147,c52xlarge,True
1063,256,8,11.9,0.0716,12.5,0.0,c52xlarge,False
1064,256,16,3.25,0.005679999999999999,99.6,0.248,c52xlarge,True
1065,256,16,11.9,0.0593,12.5,0.0,c52xlarge,False
1066,256,32,3.25,0.00316,99.7,0.0831,c52xlarge,True
1067,256,32,11.9,0.0896,12.5,0.0,c52xlarge,False
1068,512,1,97.2,0.295,12.5,0.0,c52xlarge,True
1069,512,1,95.5,0.687,12.5,0.0,c52xlarge,False
1070,512,2,48.6,0.245,24.9,0.064,c52xlarge,True
1071,512,2,95.5,0.688,12.5,0.0,c52xlarge,False
1072,512,4,24.6,0.0641,49.7,0.111,c52xlarge,True
1073,512,4,96.3,0.42700000000000005,12.5,0.0,c52xlarge,False
1074,512,8,26.0,0.0862,99.3,0.287,c52xlarge,True
1075,512,8,95.8,0.307,12.5,0.03,c52xlarge,False
1076,512,16,25.9,0.0429,99.7,0.11800000000000001,c52xlarge,True
1077,512,16,95.9,0.305,12.5,0.0,c52xlarge,False
1078,512,32,25.9,0.0185,99.9,0.03,c52xlarge,True
1079,512,32,95.8,0.252,12.5,0.0,c52xlarge,False
